Patient.ID,Mutation_Code,EGFR_Status,KRAS_Status,STK11_Status,TP53_Status,KEAP1_Status
TCGA.05.4244,K,wt,KRAS_mut,wt,wt,wt
TCGA.05.4249,K,wt,KRAS_mut,wt,wt,wt
TCGA.05.4250,K,wt,KRAS_mut,wt,wt,wt
TCGA.05.4382,EP,EGFR_mut,wt,wt,TP53_mut,wt
TCGA.05.4384,PA,wt,wt,wt,TP53_mut,KEAP1_mut
TCGA.05.4389,A,wt,wt,wt,wt,KEAP1_mut
TCGA.05.4390,K,wt,KRAS_mut,wt,wt,wt
TCGA.05.4395,KSPA,wt,KRAS_mut,STK11_mut,TP53_mut,KEAP1_mut
TCGA.05.4396,P,wt,wt,wt,TP53_mut,wt
TCGA.05.4397,P,wt,wt,wt,TP53_mut,wt
TCGA.05.4398,P,wt,wt,wt,TP53_mut,wt
TCGA.05.4402,EP,EGFR_mut,wt,wt,TP53_mut,wt
TCGA.05.4403,K,wt,KRAS_mut,wt,wt,wt
TCGA.05.4405,KP,wt,KRAS_mut,wt,TP53_mut,wt
TCGA.05.4410,EP,EGFR_mut,wt,wt,TP53_mut,wt
TCGA.05.4415,KSP,wt,KRAS_mut,STK11_mut,TP53_mut,wt
TCGA.05.4417,KS,wt,KRAS_mut,STK11_mut,wt,wt
TCGA.05.4418,KA,wt,KRAS_mut,wt,wt,KEAP1_mut
TCGA.05.4420,P,wt,wt,wt,TP53_mut,wt
TCGA.05.4422,S,wt,wt,STK11_mut,wt,wt
TCGA.05.4424,P,wt,wt,wt,TP53_mut,wt
TCGA.05.4425,WT,wt,wt,wt,wt,wt
TCGA.05.4426,P,wt,wt,wt,TP53_mut,wt
TCGA.05.4427,KP,wt,KRAS_mut,wt,TP53_mut,wt
TCGA.05.4430,P,wt,wt,wt,TP53_mut,wt
TCGA.05.4432,SP,wt,wt,STK11_mut,TP53_mut,wt
TCGA.05.4433,KP,wt,KRAS_mut,wt,TP53_mut,wt
TCGA.05.4434,WT,wt,wt,wt,wt,wt
TCGA.05.5423,EP,EGFR_mut,wt,wt,TP53_mut,wt
TCGA.05.5425,SP,wt,wt,STK11_mut,TP53_mut,wt
TCGA.05.5428,P,wt,wt,wt,TP53_mut,wt
TCGA.05.5429,WT,wt,wt,wt,wt,wt
TCGA.05.5715,WT,wt,wt,wt,wt,wt
TCGA.17.Z000,WT,wt,wt,wt,wt,wt
TCGA.17.Z001,PA,wt,wt,wt,TP53_mut,KEAP1_mut
TCGA.17.Z002,WT,wt,wt,wt,wt,wt
TCGA.17.Z003,P,wt,wt,wt,TP53_mut,wt
TCGA.17.Z004,WT,wt,wt,wt,wt,wt
TCGA.17.Z005,P,wt,wt,wt,TP53_mut,wt
TCGA.17.Z007,P,wt,wt,wt,TP53_mut,wt
TCGA.17.Z009,WT,wt,wt,wt,wt,wt
TCGA.17.Z010,K,wt,KRAS_mut,wt,wt,wt
TCGA.17.Z011,A,wt,wt,wt,wt,KEAP1_mut
TCGA.17.Z013,WT,wt,wt,wt,wt,wt
TCGA.17.Z014,K,wt,KRAS_mut,wt,wt,wt
TCGA.17.Z015,P,wt,wt,wt,TP53_mut,wt
TCGA.17.Z016,WT,wt,wt,wt,wt,wt
TCGA.17.Z017,KP,wt,KRAS_mut,wt,TP53_mut,wt
TCGA.17.Z018,A,wt,wt,wt,wt,KEAP1_mut
TCGA.17.Z020,KP,wt,KRAS_mut,wt,TP53_mut,wt
TCGA.17.Z021,P,wt,wt,wt,TP53_mut,wt
TCGA.17.Z022,KP,wt,KRAS_mut,wt,TP53_mut,wt
TCGA.17.Z023,P,wt,wt,wt,TP53_mut,wt
TCGA.17.Z025,WT,wt,wt,wt,wt,wt
TCGA.17.Z026,EPA,EGFR_mut,wt,wt,TP53_mut,KEAP1_mut
TCGA.17.Z027,P,wt,wt,wt,TP53_mut,wt
TCGA.17.Z028,P,wt,wt,wt,TP53_mut,wt
TCGA.17.Z030,PA,wt,wt,wt,TP53_mut,KEAP1_mut
TCGA.17.Z031,P,wt,wt,wt,TP53_mut,wt
TCGA.17.Z032,E,EGFR_mut,wt,wt,wt,wt
TCGA.17.Z033,K,wt,KRAS_mut,wt,wt,wt
TCGA.17.Z036,KA,wt,KRAS_mut,wt,wt,KEAP1_mut
TCGA.17.Z037,KP,wt,KRAS_mut,wt,TP53_mut,wt
TCGA.17.Z041,WT,wt,wt,wt,wt,wt
TCGA.17.Z042,KP,wt,KRAS_mut,wt,TP53_mut,wt
TCGA.17.Z043,PA,wt,wt,wt,TP53_mut,KEAP1_mut
TCGA.17.Z044,P,wt,wt,wt,TP53_mut,wt
TCGA.17.Z045,P,wt,wt,wt,TP53_mut,wt
TCGA.17.Z047,EP,EGFR_mut,wt,wt,TP53_mut,wt
TCGA.17.Z048,E,EGFR_mut,wt,wt,wt,wt
TCGA.17.Z049,P,wt,wt,wt,TP53_mut,wt
TCGA.17.Z050,KP,wt,KRAS_mut,wt,TP53_mut,wt
TCGA.17.Z051,WT,wt,wt,wt,wt,wt
TCGA.17.Z052,P,wt,wt,wt,TP53_mut,wt
TCGA.17.Z053,P,wt,wt,wt,TP53_mut,wt
TCGA.17.Z054,WT,wt,wt,wt,wt,wt
TCGA.17.Z055,P,wt,wt,wt,TP53_mut,wt
TCGA.17.Z056,P,wt,wt,wt,TP53_mut,wt
TCGA.17.Z057,P,wt,wt,wt,TP53_mut,wt
TCGA.17.Z058,WT,wt,wt,wt,wt,wt
TCGA.17.Z059,WT,wt,wt,wt,wt,wt
TCGA.17.Z060,K,wt,KRAS_mut,wt,wt,wt
TCGA.17.Z061,P,wt,wt,wt,TP53_mut,wt
TCGA.17.Z062,P,wt,wt,wt,TP53_mut,wt
TCGA.35.3615,KSA,wt,KRAS_mut,STK11_mut,wt,KEAP1_mut
TCGA.35.4122,P,wt,wt,wt,TP53_mut,wt
TCGA.35.4123,P,wt,wt,wt,TP53_mut,wt
TCGA.35.5375,PA,wt,wt,wt,TP53_mut,KEAP1_mut
TCGA.38.4625,WT,wt,wt,wt,wt,wt
TCGA.38.4626,WT,wt,wt,wt,wt,wt
TCGA.38.4627,E,EGFR_mut,wt,wt,wt,wt
TCGA.38.4628,E,EGFR_mut,wt,wt,wt,wt
TCGA.38.4631,A,wt,wt,wt,wt,KEAP1_mut
TCGA.38.4632,P,wt,wt,wt,TP53_mut,wt
TCGA.38.6178,EP,EGFR_mut,wt,wt,TP53_mut,wt
TCGA.38.7271,WT,wt,wt,wt,wt,wt
TCGA.38.A44F,WT,wt,wt,wt,wt,wt
TCGA.44.2655,A,wt,wt,wt,wt,KEAP1_mut
TCGA.44.2656,P,wt,wt,wt,TP53_mut,wt
TCGA.44.2657,WT,wt,wt,wt,wt,wt
TCGA.44.2659,P,wt,wt,wt,TP53_mut,wt
TCGA.44.2662,P,wt,wt,wt,TP53_mut,wt
TCGA.44.2665,WT,wt,wt,wt,wt,wt
TCGA.44.2666,WT,wt,wt,wt,wt,wt
TCGA.44.2668,P,wt,wt,wt,TP53_mut,wt
TCGA.44.3396,P,wt,wt,wt,TP53_mut,wt
TCGA.44.3398,WT,wt,wt,wt,wt,wt
TCGA.44.3917,KPA,wt,KRAS_mut,wt,TP53_mut,KEAP1_mut
TCGA.44.3918,P,wt,wt,wt,TP53_mut,wt
TCGA.44.3919,WT,wt,wt,wt,wt,wt
TCGA.44.5643,WT,wt,wt,wt,wt,wt
TCGA.44.5644,P,wt,wt,wt,TP53_mut,wt
TCGA.44.5645,EP,EGFR_mut,wt,wt,TP53_mut,wt
TCGA.44.6144,KSP,wt,KRAS_mut,STK11_mut,TP53_mut,wt
TCGA.44.6145,KP,wt,KRAS_mut,wt,TP53_mut,wt
TCGA.44.6146,K,wt,KRAS_mut,wt,wt,wt
TCGA.44.6774,P,wt,wt,wt,TP53_mut,wt
TCGA.44.6775,P,wt,wt,wt,TP53_mut,wt
TCGA.44.6776,KSA,wt,KRAS_mut,STK11_mut,wt,KEAP1_mut
TCGA.44.6777,P,wt,wt,wt,TP53_mut,wt
TCGA.44.6778,PA,wt,wt,wt,TP53_mut,KEAP1_mut
TCGA.44.6779,SPA,wt,wt,STK11_mut,TP53_mut,KEAP1_mut
TCGA.44.7659,K,wt,KRAS_mut,wt,wt,wt
TCGA.44.7660,PA,wt,wt,wt,TP53_mut,KEAP1_mut
TCGA.44.7661,KP,wt,KRAS_mut,wt,TP53_mut,wt
TCGA.44.7662,P,wt,wt,wt,TP53_mut,wt
TCGA.44.7667,PA,wt,wt,wt,TP53_mut,KEAP1_mut
TCGA.44.7669,SPA,wt,wt,STK11_mut,TP53_mut,KEAP1_mut
TCGA.44.7670,P,wt,wt,wt,TP53_mut,wt
TCGA.44.7671,KSA,wt,KRAS_mut,STK11_mut,wt,KEAP1_mut
TCGA.44.7672,K,wt,KRAS_mut,wt,wt,wt
TCGA.44.8117,KP,wt,KRAS_mut,wt,TP53_mut,wt
TCGA.44.8119,S,wt,wt,STK11_mut,wt,wt
TCGA.44.8120,SP,wt,wt,STK11_mut,TP53_mut,wt
TCGA.44.A479,SP,wt,wt,STK11_mut,TP53_mut,wt
TCGA.44.A47A,K,wt,KRAS_mut,wt,wt,wt
TCGA.44.A47B,WT,wt,wt,wt,wt,wt
TCGA.44.A47F,KSA,wt,KRAS_mut,STK11_mut,wt,KEAP1_mut
TCGA.44.A47G,P,wt,wt,wt,TP53_mut,wt
TCGA.44.A4SS,PA,wt,wt,wt,TP53_mut,KEAP1_mut
TCGA.44.A4SU,EP,EGFR_mut,wt,wt,TP53_mut,wt
TCGA.49.4486,A,wt,wt,wt,wt,KEAP1_mut
TCGA.49.4487,SP,wt,wt,STK11_mut,TP53_mut,wt
TCGA.49.4488,PA,wt,wt,wt,TP53_mut,KEAP1_mut
TCGA.49.4490,EP,EGFR_mut,wt,wt,TP53_mut,wt
TCGA.49.4494,E,EGFR_mut,wt,wt,wt,wt
TCGA.49.4501,E,EGFR_mut,wt,wt,wt,wt
TCGA.49.4505,KP,wt,KRAS_mut,wt,TP53_mut,wt
TCGA.49.4506,KA,wt,KRAS_mut,wt,wt,KEAP1_mut
TCGA.49.4507,SA,wt,wt,STK11_mut,wt,KEAP1_mut
TCGA.49.4510,K,wt,KRAS_mut,wt,wt,wt
TCGA.49.4512,WT,wt,wt,wt,wt,wt
TCGA.49.4514,PA,wt,wt,wt,TP53_mut,KEAP1_mut
TCGA.49.6742,K,wt,wt,wt,wt,KEAP1_mut
TCGA.49.6743,K,wt,wt,wt,wt,KEAP1_mut
TCGA.49.6744,WT,wt,wt,wt,wt,wt
TCGA.49.6745,WT,wt,wt,wt,wt,wt
TCGA.49.6761,WT,wt,wt,wt,wt,wt
TCGA.49.6767,P,wt,wt,wt,TP53_mut,wt
TCGA.49.AAQV,P,wt,wt,wt,TP53_mut,wt
TCGA.49.AAR0,SPA,wt,wt,STK11_mut,TP53_mut,KEAP1_mut
TCGA.49.AAR2,K,wt,wt,wt,wt,KEAP1_mut
TCGA.49.AAR3,PA,wt,wt,wt,TP53_mut,KEAP1_mut
TCGA.49.AAR4,P,wt,wt,wt,TP53_mut,wt
TCGA.49.AAR9,PA,wt,wt,wt,TP53_mut,KEAP1_mut
TCGA.49.AARE,PA,wt,wt,wt,TP53_mut,KEAP1_mut
TCGA.49.AARN,P,wt,wt,wt,TP53_mut,wt
TCGA.49.AARO,K,wt,KRAS_mut,wt,wt,wt
TCGA.49.AARQ,KP,wt,KRAS_mut,wt,TP53_mut,wt
TCGA.49.AARR,WT,wt,wt,wt,wt,wt
TCGA.4B.A93V,KSPA,wt,KRAS_mut,STK11_mut,TP53_mut,KEAP1_mut
TCGA.50.5044,WT,wt,wt,wt,wt,wt
TCGA.50.5045,P,wt,wt,wt,TP53_mut,wt
TCGA.50.5049,P,wt,wt,wt,TP53_mut,wt
TCGA.50.5051,KA,wt,KRAS_mut,wt,wt,KEAP1_mut
TCGA.50.5055,WT,wt,wt,wt,wt,wt
TCGA.50.5066,EP,EGFR_mut,wt,wt,TP53_mut,wt
TCGA.50.5068,PA,wt,wt,wt,TP53_mut,KEAP1_mut
TCGA.50.5072,S,wt,wt,STK11_mut,wt,wt
TCGA.50.5930,P,wt,wt,wt,TP53_mut,wt
TCGA.50.5931,P,wt,wt,wt,TP53_mut,wt
TCGA.50.5932,K,wt,KRAS_mut,wt,wt,wt
TCGA.50.5933,KP,wt,KRAS_mut,wt,TP53_mut,wt
TCGA.50.5935,WT,wt,wt,wt,wt,wt
TCGA.50.5936,KA,wt,KRAS_mut,wt,wt,KEAP1_mut
TCGA.50.5939,SPA,wt,wt,STK11_mut,TP53_mut,KEAP1_mut
TCGA.50.5941,K,wt,KRAS_mut,wt,wt,wt
TCGA.50.5942,WT,wt,wt,wt,wt,wt
TCGA.50.5944,EP,EGFR_mut,wt,wt,TP53_mut,wt
TCGA.50.5946,P,wt,wt,wt,TP53_mut,wt
TCGA.50.6590,P,wt,wt,wt,TP53_mut,wt
TCGA.50.6591,EP,EGFR_mut,wt,wt,TP53_mut,wt
TCGA.50.6592,P,wt,wt,wt,TP53_mut,wt
TCGA.50.6593,P,wt,wt,wt,TP53_mut,wt
TCGA.50.6594,P,wt,wt,wt,TP53_mut,wt
TCGA.50.6595,EP,EGFR_mut,wt,wt,TP53_mut,wt
TCGA.50.6597,WT,wt,wt,wt,wt,wt
TCGA.50.6673,EP,EGFR_mut,wt,wt,TP53_mut,wt
TCGA.50.7109,KS,wt,KRAS_mut,STK11_mut,wt,wt
TCGA.50.8457,WT,wt,wt,wt,wt,wt
TCGA.50.8459,K,wt,KRAS_mut,wt,wt,wt
TCGA.50.8460,P,wt,wt,wt,TP53_mut,wt
TCGA.53.7624,PA,wt,wt,wt,TP53_mut,KEAP1_mut
TCGA.53.7626,P,wt,wt,wt,TP53_mut,wt
TCGA.53.7813,KS,wt,KRAS_mut,STK11_mut,wt,wt
TCGA.53.A4EZ,PA,wt,wt,wt,TP53_mut,KEAP1_mut
TCGA.55.1592,P,wt,wt,wt,TP53_mut,wt
TCGA.55.1594,P,wt,wt,wt,TP53_mut,wt
TCGA.55.1595,K,wt,KRAS_mut,wt,wt,wt
TCGA.55.1596,SP,wt,wt,STK11_mut,TP53_mut,wt
TCGA.55.5899,PA,wt,wt,wt,TP53_mut,KEAP1_mut
TCGA.55.6543,WT,wt,wt,wt,wt,wt
TCGA.55.6642,K,wt,KRAS_mut,wt,wt,wt
TCGA.55.6712,P,wt,wt,wt,TP53_mut,wt
TCGA.55.6968,EP,EGFR_mut,wt,wt,TP53_mut,wt
TCGA.55.6969,P,wt,wt,wt,TP53_mut,wt
TCGA.55.6970,KSA,wt,KRAS_mut,STK11_mut,wt,KEAP1_mut
TCGA.55.6971,WT,wt,wt,wt,wt,wt
TCGA.55.6972,A,wt,wt,wt,wt,KEAP1_mut
TCGA.55.6975,KP,wt,KRAS_mut,wt,TP53_mut,wt
TCGA.55.6978,WT,wt,wt,wt,wt,wt
TCGA.55.6979,P,wt,wt,wt,TP53_mut,wt
TCGA.55.6980,EP,EGFR_mut,wt,wt,TP53_mut,wt
TCGA.55.6981,E,EGFR_mut,wt,wt,wt,wt
TCGA.55.6982,WT,wt,wt,wt,wt,wt
TCGA.55.6983,K,wt,KRAS_mut,wt,wt,wt
TCGA.55.6984,K,wt,KRAS_mut,wt,wt,wt
TCGA.55.6985,P,wt,wt,wt,TP53_mut,wt
TCGA.55.6986,WT,wt,wt,wt,wt,wt
TCGA.55.6987,A,wt,wt,wt,wt,KEAP1_mut
TCGA.55.7227,P,wt,wt,wt,TP53_mut,wt
TCGA.55.7281,K,wt,KRAS_mut,wt,wt,wt
TCGA.55.7283,KP,wt,KRAS_mut,wt,TP53_mut,wt
TCGA.55.7284,K,wt,KRAS_mut,wt,wt,wt
TCGA.55.7570,EP,EGFR_mut,wt,wt,TP53_mut,wt
TCGA.55.7573,EP,EGFR_mut,wt,wt,TP53_mut,wt
TCGA.55.7574,SP,wt,wt,STK11_mut,TP53_mut,wt
TCGA.55.7576,KP,wt,KRAS_mut,wt,TP53_mut,wt
TCGA.55.7724,WT,wt,wt,wt,wt,wt
TCGA.55.7725,K,wt,KRAS_mut,wt,wt,wt
TCGA.55.7726,KP,wt,KRAS_mut,wt,TP53_mut,wt
TCGA.55.7727,P,wt,wt,wt,TP53_mut,wt
TCGA.55.7728,K,wt,KRAS_mut,wt,wt,wt
TCGA.55.7815,KA,wt,KRAS_mut,wt,wt,KEAP1_mut
TCGA.55.7816,WT,wt,wt,wt,wt,wt
TCGA.55.7903,P,wt,wt,wt,TP53_mut,wt
TCGA.55.7907,KP,wt,KRAS_mut,wt,TP53_mut,wt
TCGA.55.7910,KP,wt,KRAS_mut,wt,TP53_mut,wt
TCGA.55.7911,KP,wt,KRAS_mut,wt,TP53_mut,wt
TCGA.55.7913,SP,wt,wt,STK11_mut,TP53_mut,wt
TCGA.55.7914,KP,wt,KRAS_mut,wt,TP53_mut,wt
TCGA.55.7994,P,wt,wt,wt,TP53_mut,wt
TCGA.55.7995,PA,wt,wt,wt,TP53_mut,KEAP1_mut
TCGA.55.8085,PA,wt,wt,wt,TP53_mut,KEAP1_mut
TCGA.55.8087,WT,wt,wt,wt,wt,wt
TCGA.55.8089,P,wt,wt,wt,TP53_mut,wt
TCGA.55.8090,K,wt,KRAS_mut,wt,wt,wt
TCGA.55.8091,WT,wt,wt,wt,wt,wt
TCGA.55.8092,SP,wt,wt,STK11_mut,TP53_mut,wt
TCGA.55.8094,KPA,wt,KRAS_mut,wt,TP53_mut,KEAP1_mut
TCGA.55.8096,EP,EGFR_mut,wt,wt,TP53_mut,wt
TCGA.55.8097,K,wt,KRAS_mut,wt,wt,wt
TCGA.55.8203,KS,wt,KRAS_mut,STK11_mut,wt,wt
TCGA.55.8204,P,wt,wt,wt,TP53_mut,wt
TCGA.55.8205,P,wt,wt,wt,TP53_mut,wt
TCGA.55.8206,E,EGFR_mut,wt,wt,wt,wt
TCGA.55.8207,K,wt,KRAS_mut,wt,wt,wt
TCGA.55.8208,P,wt,wt,wt,TP53_mut,wt
TCGA.55.8299,KS,wt,KRAS_mut,STK11_mut,wt,wt
TCGA.55.8301,P,wt,wt,wt,TP53_mut,wt
TCGA.55.8302,KPA,wt,KRAS_mut,wt,TP53_mut,KEAP1_mut
TCGA.55.8505,A,wt,wt,wt,wt,KEAP1_mut
TCGA.55.8506,EPA,EGFR_mut,wt,wt,TP53_mut,KEAP1_mut
TCGA.55.8507,SP,wt,wt,STK11_mut,TP53_mut,wt
TCGA.55.8508,KS,wt,KRAS_mut,STK11_mut,wt,wt
TCGA.55.8510,PA,wt,wt,wt,TP53_mut,KEAP1_mut
TCGA.55.8511,P,wt,wt,wt,TP53_mut,wt
TCGA.55.8512,K,wt,KRAS_mut,wt,wt,wt
TCGA.55.8513,WT,wt,wt,wt,wt,wt
TCGA.55.8514,KP,wt,KRAS_mut,wt,TP53_mut,wt
TCGA.55.8614,P,wt,wt,wt,TP53_mut,wt
TCGA.55.8615,KS,wt,KRAS_mut,STK11_mut,wt,wt
TCGA.55.8616,EKP,EGFR_mut,KRAS_mut,wt,TP53_mut,wt
TCGA.55.8619,WT,wt,wt,wt,wt,wt
TCGA.55.8620,PA,wt,wt,wt,TP53_mut,KEAP1_mut
TCGA.55.8621,WT,wt,wt,wt,wt,wt
TCGA.55.A48X,P,wt,wt,wt,TP53_mut,wt
TCGA.55.A48Y,WT,wt,wt,wt,wt,wt
TCGA.55.A48Z,EP,EGFR_mut,wt,wt,TP53_mut,wt
TCGA.55.A490,K,wt,KRAS_mut,wt,wt,wt
TCGA.55.A491,P,wt,wt,wt,TP53_mut,wt
TCGA.55.A492,SA,wt,wt,STK11_mut,wt,KEAP1_mut
TCGA.55.A493,P,wt,wt,wt,TP53_mut,wt
TCGA.55.A494,K,wt,KRAS_mut,wt,wt,wt
TCGA.55.A4DF,PA,wt,wt,wt,TP53_mut,KEAP1_mut
TCGA.55.A4DG,P,wt,wt,wt,TP53_mut,wt
TCGA.55.A57B,EP,EGFR_mut,wt,wt,TP53_mut,wt
TCGA.62.8394,EP,EGFR_mut,wt,wt,TP53_mut,wt
TCGA.62.8395,WT,wt,wt,wt,wt,wt
TCGA.62.8397,WT,wt,wt,wt,wt,wt
TCGA.62.8398,KA,wt,KRAS_mut,wt,wt,KEAP1_mut
TCGA.62.8399,P,wt,wt,wt,TP53_mut,wt
TCGA.62.8402,EP,EGFR_mut,wt,wt,TP53_mut,wt
TCGA.62.A46O,PA,wt,wt,wt,TP53_mut,KEAP1_mut
TCGA.62.A46P,S,wt,wt,STK11_mut,wt,wt
TCGA.62.A46R,KP,wt,KRAS_mut,wt,TP53_mut,wt
TCGA.62.A46S,KS,wt,KRAS_mut,STK11_mut,wt,wt
TCGA.62.A46U,EP,EGFR_mut,wt,wt,TP53_mut,wt
TCGA.62.A46V,WT,wt,wt,wt,wt,wt
TCGA.62.A46Y,P,wt,wt,wt,TP53_mut,wt
TCGA.62.A470,SA,wt,wt,STK11_mut,wt,KEAP1_mut
TCGA.62.A471,P,wt,wt,wt,TP53_mut,wt
TCGA.62.A472,P,wt,wt,wt,TP53_mut,wt
TCGA.64.1676,P,wt,wt,wt,TP53_mut,wt
TCGA.64.1677,KP,wt,KRAS_mut,wt,TP53_mut,wt
TCGA.64.1679,P,wt,wt,wt,TP53_mut,wt
TCGA.64.1680,WT,wt,wt,wt,wt,wt
TCGA.64.1681,EP,EGFR_mut,wt,wt,TP53_mut,wt
TCGA.64.5774,K,wt,KRAS_mut,wt,wt,wt
TCGA.64.5775,KP,wt,KRAS_mut,wt,TP53_mut,wt
TCGA.64.5778,KP,wt,KRAS_mut,wt,TP53_mut,wt
TCGA.64.5779,WT,wt,wt,wt,wt,wt
TCGA.64.5781,A,wt,wt,wt,wt,KEAP1_mut
TCGA.64.5815,K,wt,KRAS_mut,wt,wt,wt
TCGA.67.3770,EP,EGFR_mut,wt,wt,TP53_mut,wt
TCGA.67.3771,PA,wt,wt,wt,TP53_mut,KEAP1_mut
TCGA.67.3772,E,EGFR_mut,wt,wt,wt,wt
TCGA.67.3773,K,wt,KRAS_mut,wt,wt,wt
TCGA.67.3774,KS,wt,KRAS_mut,STK11_mut,wt,wt
TCGA.67.4679,K,wt,KRAS_mut,wt,wt,wt
TCGA.67.6215,WT,wt,wt,wt,wt,wt
TCGA.67.6216,WT,wt,wt,wt,wt,wt
TCGA.67.6217,E,EGFR_mut,wt,wt,wt,wt
TCGA.69.7760,EP,EGFR_mut,wt,wt,TP53_mut,wt
TCGA.69.7761,WT,wt,wt,wt,wt,wt
TCGA.69.7763,S,wt,wt,STK11_mut,wt,wt
TCGA.69.7764,WT,wt,wt,wt,wt,wt
TCGA.69.7765,EP,EGFR_mut,wt,wt,TP53_mut,wt
TCGA.69.7973,K,wt,KRAS_mut,wt,wt,wt
TCGA.69.7974,KP,wt,KRAS_mut,wt,TP53_mut,wt
TCGA.69.7978,KP,wt,KRAS_mut,wt,TP53_mut,wt
TCGA.69.7979,P,wt,wt,wt,TP53_mut,wt
TCGA.69.7980,KP,wt,KRAS_mut,wt,TP53_mut,wt
TCGA.69.8253,KA,wt,KRAS_mut,wt,wt,KEAP1_mut
TCGA.69.8254,K,wt,KRAS_mut,wt,wt,wt
TCGA.69.8255,P,wt,wt,wt,TP53_mut,wt
TCGA.69.A59K,P,wt,wt,wt,TP53_mut,wt
TCGA.71.6725,WT,wt,wt,wt,wt,wt
TCGA.71.8520,EP,EGFR_mut,wt,wt,TP53_mut,wt
TCGA.73.4658,WT,wt,wt,wt,wt,wt
TCGA.73.4659,S,wt,wt,STK11_mut,wt,wt
TCGA.73.4662,K,wt,KRAS_mut,wt,wt,wt
TCGA.73.4666,PA,wt,wt,wt,TP53_mut,KEAP1_mut
TCGA.73.4668,WT,wt,wt,wt,wt,wt
TCGA.73.4670,KSPA,wt,KRAS_mut,STK11_mut,TP53_mut,KEAP1_mut
TCGA.73.4675,WT,wt,wt,wt,wt,wt
TCGA.73.4676,PA,wt,wt,wt,TP53_mut,KEAP1_mut
TCGA.73.4677,KSA,wt,KRAS_mut,STK11_mut,wt,KEAP1_mut
TCGA.73.7498,KSA,wt,KRAS_mut,STK11_mut,wt,KEAP1_mut
TCGA.73.7499,P,wt,wt,wt,TP53_mut,wt
TCGA.73.A9RS,SP,wt,wt,STK11_mut,TP53_mut,wt
TCGA.75.5122,WT,wt,wt,wt,wt,wt
TCGA.75.5125,P,wt,wt,wt,TP53_mut,wt
TCGA.75.5126,K,wt,KRAS_mut,wt,wt,wt
TCGA.75.5146,SP,wt,wt,STK11_mut,TP53_mut,wt
TCGA.75.5147,P,wt,wt,wt,TP53_mut,wt
TCGA.75.6205,WT,wt,wt,wt,wt,wt
TCGA.75.6206,KA,wt,KRAS_mut,wt,wt,KEAP1_mut
TCGA.75.6207,EP,EGFR_mut,wt,wt,TP53_mut,wt
TCGA.75.6211,PA,wt,wt,wt,TP53_mut,KEAP1_mut
TCGA.75.6212,E,EGFR_mut,wt,wt,wt,wt
TCGA.75.6214,P,wt,wt,wt,TP53_mut,wt
TCGA.75.7025,E,EGFR_mut,wt,wt,wt,wt
TCGA.75.7027,KA,wt,KRAS_mut,wt,wt,KEAP1_mut
TCGA.75.7030,K,wt,KRAS_mut,wt,wt,wt
TCGA.75.7031,SP,wt,wt,STK11_mut,TP53_mut,wt
TCGA.78.7145,KP,wt,KRAS_mut,wt,TP53_mut,wt
TCGA.78.7146,A,wt,wt,wt,wt,KEAP1_mut
TCGA.78.7147,EP,EGFR_mut,wt,wt,TP53_mut,wt
TCGA.78.7148,KS,wt,KRAS_mut,STK11_mut,wt,wt
TCGA.78.7149,PA,wt,wt,wt,TP53_mut,KEAP1_mut
TCGA.78.7150,P,wt,wt,wt,TP53_mut,wt
TCGA.78.7152,S,wt,wt,STK11_mut,wt,wt
TCGA.78.7153,A,wt,wt,wt,wt,KEAP1_mut
TCGA.78.7154,PA,wt,wt,wt,TP53_mut,KEAP1_mut
TCGA.78.7155,EP,EGFR_mut,wt,wt,TP53_mut,wt
TCGA.78.7156,SA,wt,wt,STK11_mut,wt,KEAP1_mut
TCGA.78.7158,EA,EGFR_mut,wt,wt,wt,KEAP1_mut
TCGA.78.7159,S,wt,wt,STK11_mut,wt,wt
TCGA.78.7160,KS,wt,KRAS_mut,STK11_mut,wt,wt
TCGA.78.7161,KS,wt,KRAS_mut,STK11_mut,wt,wt
TCGA.78.7162,A,wt,wt,wt,wt,KEAP1_mut
TCGA.78.7163,WT,wt,wt,wt,wt,wt
TCGA.78.7166,KSA,wt,KRAS_mut,STK11_mut,wt,KEAP1_mut
TCGA.78.7167,KA,wt,KRAS_mut,wt,wt,KEAP1_mut
TCGA.78.7220,SP,wt,wt,STK11_mut,TP53_mut,wt
TCGA.78.7535,SP,wt,wt,STK11_mut,TP53_mut,wt
TCGA.78.7536,P,wt,wt,wt,TP53_mut,wt
TCGA.78.7537,WT,wt,wt,wt,wt,wt
TCGA.78.7539,K,wt,KRAS_mut,wt,wt,wt
TCGA.78.7540,KP,wt,KRAS_mut,wt,TP53_mut,wt
TCGA.78.7542,P,wt,wt,wt,TP53_mut,wt
TCGA.78.7633,A,wt,wt,wt,wt,KEAP1_mut
TCGA.78.8640,P,wt,wt,wt,TP53_mut,wt
TCGA.78.8648,WT,wt,wt,wt,wt,wt
TCGA.78.8655,K,wt,KRAS_mut,wt,wt,wt
TCGA.78.8660,P,wt,wt,wt,TP53_mut,wt
TCGA.78.8662,P,wt,wt,wt,TP53_mut,wt
TCGA.80.5607,WT,wt,wt,wt,wt,wt
TCGA.80.5608,KSA,wt,KRAS_mut,STK11_mut,wt,KEAP1_mut
TCGA.80.5611,WT,wt,wt,wt,wt,wt
TCGA.83.5908,KP,wt,KRAS_mut,wt,TP53_mut,wt
TCGA.86.6562,WT,wt,wt,wt,wt,wt
TCGA.86.6851,P,wt,wt,wt,TP53_mut,wt
TCGA.86.7701,P,wt,wt,wt,TP53_mut,wt
TCGA.86.7711,P,wt,wt,wt,TP53_mut,wt
TCGA.86.7713,KS,wt,KRAS_mut,STK11_mut,wt,wt
TCGA.86.7714,WT,wt,wt,wt,wt,wt
TCGA.86.7953,K,wt,KRAS_mut,wt,wt,wt
TCGA.86.7954,P,wt,wt,wt,TP53_mut,wt
TCGA.86.7955,WT,wt,wt,wt,wt,wt
TCGA.86.8054,KS,wt,KRAS_mut,STK11_mut,wt,wt
TCGA.86.8055,EP,EGFR_mut,wt,wt,TP53_mut,wt
TCGA.86.8056,KP,wt,KRAS_mut,wt,TP53_mut,wt
TCGA.86.8073,P,wt,wt,wt,TP53_mut,wt
TCGA.86.8074,EP,EGFR_mut,wt,wt,TP53_mut,wt
TCGA.86.8075,EP,EGFR_mut,wt,wt,TP53_mut,wt
TCGA.86.8076,K,wt,KRAS_mut,wt,wt,wt
TCGA.86.8278,WT,wt,wt,wt,wt,wt
TCGA.86.8279,P,wt,wt,wt,TP53_mut,wt
TCGA.86.8280,ESP,EGFR_mut,wt,STK11_mut,TP53_mut,wt
TCGA.86.8281,SA,wt,wt,STK11_mut,wt,KEAP1_mut
TCGA.86.8358,PA,wt,wt,wt,TP53_mut,KEAP1_mut
TCGA.86.8359,KS,wt,KRAS_mut,STK11_mut,wt,wt
TCGA.86.8585,P,wt,wt,wt,TP53_mut,wt
TCGA.86.8668,E,EGFR_mut,wt,wt,wt,wt
TCGA.86.8669,WT,wt,wt,wt,wt,wt
TCGA.86.8671,WT,wt,wt,wt,wt,wt
TCGA.86.8672,PA,wt,wt,wt,TP53_mut,KEAP1_mut
TCGA.86.8673,P,wt,wt,wt,TP53_mut,wt
TCGA.86.8674,KA,wt,KRAS_mut,wt,wt,KEAP1_mut
TCGA.86.A456,K,wt,KRAS_mut,wt,wt,wt
TCGA.86.A4JF,EKP,EGFR_mut,KRAS_mut,wt,TP53_mut,wt
TCGA.86.A4P7,EP,EGFR_mut,wt,wt,TP53_mut,wt
TCGA.86.A4P8,WT,wt,wt,wt,wt,wt
TCGA.91.6828,K,wt,KRAS_mut,wt,wt,wt
TCGA.91.6829,WT,wt,wt,wt,wt,wt
TCGA.91.6830,WT,wt,wt,wt,wt,wt
TCGA.91.6831,P,wt,wt,wt,TP53_mut,wt
TCGA.91.6835,E,EGFR_mut,wt,wt,wt,wt
TCGA.91.6836,KP,wt,KRAS_mut,wt,TP53_mut,wt
TCGA.91.6840,P,wt,wt,wt,TP53_mut,wt
TCGA.91.6847,P,wt,wt,wt,TP53_mut,wt
TCGA.91.6848,PA,wt,wt,wt,TP53_mut,KEAP1_mut
TCGA.91.6849,KA,wt,KRAS_mut,wt,wt,KEAP1_mut
TCGA.91.7771,S,wt,wt,STK11_mut,wt,wt
TCGA.91.8496,WT,wt,wt,wt,wt,wt
TCGA.91.8497,WT,wt,wt,wt,wt,wt
TCGA.91.8499,P,wt,wt,wt,TP53_mut,wt
TCGA.91.A4BC,P,wt,wt,wt,TP53_mut,wt
TCGA.91.A4BD,WT,wt,wt,wt,wt,wt
TCGA.93.7347,K,wt,KRAS_mut,wt,wt,wt
TCGA.93.7348,WT,wt,wt,wt,wt,wt
TCGA.93.8067,KP,wt,KRAS_mut,wt,TP53_mut,wt
TCGA.93.A4JN,P,wt,wt,wt,TP53_mut,wt
TCGA.93.A4JO,KP,wt,KRAS_mut,wt,TP53_mut,wt
TCGA.93.A4JP,EP,EGFR_mut,wt,wt,TP53_mut,wt
TCGA.93.A4JQ,WT,wt,wt,wt,wt,wt
TCGA.95.7039,EKP,EGFR_mut,KRAS_mut,wt,TP53_mut,wt
TCGA.95.7043,PA,wt,wt,wt,TP53_mut,KEAP1_mut
TCGA.95.7562,KP,wt,KRAS_mut,wt,TP53_mut,wt
TCGA.95.7567,KP,wt,KRAS_mut,wt,TP53_mut,wt
TCGA.95.7944,P,wt,wt,wt,TP53_mut,wt
TCGA.95.7947,EPA,EGFR_mut,wt,wt,TP53_mut,KEAP1_mut
TCGA.95.7948,WT,wt,wt,wt,wt,wt
TCGA.95.8039,P,wt,wt,wt,TP53_mut,wt
TCGA.95.8494,P,wt,wt,wt,TP53_mut,wt
TCGA.95.A4VK,K,wt,KRAS_mut,wt,wt,wt
TCGA.95.A4VN,K,wt,KRAS_mut,wt,wt,wt
TCGA.95.A4VP,KS,wt,KRAS_mut,STK11_mut,wt,wt
TCGA.97.7546,WT,wt,wt,wt,wt,wt
TCGA.97.7547,WT,wt,wt,wt,wt,wt
TCGA.97.7552,WT,wt,wt,wt,wt,wt
TCGA.97.7553,P,wt,wt,wt,TP53_mut,wt
TCGA.97.7554,KP,wt,KRAS_mut,wt,TP53_mut,wt
TCGA.97.7937,P,wt,wt,wt,TP53_mut,wt
TCGA.97.7938,KP,wt,KRAS_mut,wt,TP53_mut,wt
TCGA.97.7941,K,wt,KRAS_mut,wt,wt,wt
TCGA.97.8171,E,EGFR_mut,wt,wt,wt,wt
TCGA.97.8172,EP,EGFR_mut,wt,wt,TP53_mut,wt
TCGA.97.8174,WT,wt,wt,wt,wt,wt
TCGA.97.8175,P,wt,wt,wt,TP53_mut,wt
TCGA.97.8176,KA,wt,KRAS_mut,wt,wt,KEAP1_mut
TCGA.97.8177,E,EGFR_mut,wt,wt,wt,wt
TCGA.97.8179,KSPA,wt,KRAS_mut,STK11_mut,TP53_mut,KEAP1_mut
TCGA.97.8547,EP,EGFR_mut,wt,wt,TP53_mut,wt
TCGA.97.8552,E,EGFR_mut,wt,wt,wt,wt
TCGA.97.A4LX,P,wt,wt,wt,TP53_mut,wt
TCGA.97.A4M0,K,wt,KRAS_mut,wt,wt,wt
TCGA.97.A4M1,EP,EGFR_mut,wt,wt,TP53_mut,wt
TCGA.97.A4M2,WT,wt,wt,wt,wt,wt
TCGA.97.A4M3,SA,wt,wt,STK11_mut,wt,KEAP1_mut
TCGA.97.A4M5,K,wt,KRAS_mut,wt,wt,wt
TCGA.97.A4M6,E,EGFR_mut,wt,wt,wt,wt
TCGA.97.A4M7,E,EGFR_mut,wt,wt,wt,wt
TCGA.99.7458,P,wt,wt,wt,TP53_mut,wt
TCGA.99.8025,KP,wt,KRAS_mut,wt,TP53_mut,wt
TCGA.99.8028,KP,wt,KRAS_mut,wt,TP53_mut,wt
TCGA.99.8032,KS,wt,KRAS_mut,STK11_mut,wt,wt
TCGA.99.8033,KPA,wt,KRAS_mut,wt,TP53_mut,KEAP1_mut
TCGA.99.AA5R,WT,wt,wt,wt,wt,wt
TCGA.J2.8192,E,EGFR_mut,wt,wt,wt,wt
TCGA.J2.8194,KSA,wt,KRAS_mut,STK11_mut,wt,KEAP1_mut
TCGA.J2.A4AD,P,wt,wt,wt,TP53_mut,wt
TCGA.J2.A4AE,WT,wt,wt,wt,wt,wt
TCGA.J2.A4AG,K,wt,KRAS_mut,wt,wt,wt
TCGA.L4.A4E5,P,wt,wt,wt,TP53_mut,wt
TCGA.L4.A4E6,WT,wt,wt,wt,wt,wt
TCGA.L9.A443,K,wt,KRAS_mut,wt,wt,wt
TCGA.L9.A444,P,wt,wt,wt,TP53_mut,wt
TCGA.L9.A50W,E,EGFR_mut,wt,wt,wt,wt
TCGA.L9.A5IP,P,wt,wt,wt,TP53_mut,wt
TCGA.L9.A743,P,wt,wt,wt,TP53_mut,wt
TCGA.L9.A7SV,P,wt,wt,wt,TP53_mut,wt
TCGA.L9.A8F4,SP,wt,wt,STK11_mut,TP53_mut,wt
TCGA.MN.A4N1,P,wt,wt,wt,TP53_mut,wt
TCGA.MN.A4N4,P,wt,wt,wt,TP53_mut,wt
TCGA.MN.A4N5,KP,wt,KRAS_mut,wt,TP53_mut,wt
TCGA.MP.A4SV,P,wt,wt,wt,TP53_mut,wt
TCGA.MP.A4SW,E,EGFR_mut,wt,wt,wt,wt
TCGA.MP.A4SY,K,wt,KRAS_mut,wt,wt,wt
TCGA.MP.A4T2,WT,wt,wt,wt,wt,wt
TCGA.MP.A4T4,KP,wt,KRAS_mut,wt,TP53_mut,wt
TCGA.MP.A4T6,E,EGFR_mut,wt,wt,wt,wt
TCGA.MP.A4T7,KA,wt,KRAS_mut,wt,wt,KEAP1_mut
TCGA.MP.A4T8,K,wt,KRAS_mut,wt,wt,wt
TCGA.MP.A4T9,EP,EGFR_mut,wt,wt,TP53_mut,wt
TCGA.MP.A4TA,P,wt,wt,wt,TP53_mut,wt
TCGA.MP.A4TC,P,wt,wt,wt,TP53_mut,wt
TCGA.MP.A4TD,KS,wt,KRAS_mut,STK11_mut,wt,wt
TCGA.MP.A4TE,KSA,wt,KRAS_mut,STK11_mut,wt,KEAP1_mut
TCGA.MP.A4TF,KP,wt,KRAS_mut,wt,TP53_mut,wt
TCGA.MP.A4TH,WT,wt,wt,wt,wt,wt
TCGA.MP.A4TI,KP,wt,KRAS_mut,wt,TP53_mut,wt
TCGA.MP.A4TJ,WT,wt,wt,wt,wt,wt
TCGA.MP.A4TK,KP,wt,KRAS_mut,wt,TP53_mut,wt
TCGA.MP.A5C7,A,wt,wt,wt,wt,KEAP1_mut
TCGA.NJ.A4YF,SP,wt,wt,STK11_mut,TP53_mut,wt
TCGA.NJ.A4YG,K,wt,KRAS_mut,wt,wt,wt
TCGA.NJ.A4YI,K,wt,KRAS_mut,wt,wt,wt
TCGA.NJ.A4YP,KS,wt,KRAS_mut,STK11_mut,wt,wt
TCGA.NJ.A4YQ,A,wt,wt,wt,wt,KEAP1_mut
TCGA.NJ.A55A,WT,wt,wt,wt,wt,wt
TCGA.NJ.A55O,KS,wt,KRAS_mut,STK11_mut,wt,wt
TCGA.NJ.A55R,KSA,wt,KRAS_mut,STK11_mut,wt,KEAP1_mut
TCGA.NJ.A7XG,WT,wt,wt,wt,wt,wt
TCGA.O1.A52J,P,wt,wt,wt,TP53_mut,wt
TCGA.S2.AA1A,WT,wt,wt,wt,wt,wt
